Datetime,Water Level (m)
2025-09-05 06:00:00,0.47375265
2025-09-05 07:00:00,-0.078634
2025-09-05 08:00:00,-0.5417591
2025-09-05 09:00:00,-0.7872968
2025-09-05 10:00:00,-0.69207203
2025-09-05 11:00:00,-0.21776135
2025-09-05 12:00:00,0.3664886
2025-09-05 13:00:00,0.90059114
2025-09-05 14:00:00,1.255941
2025-09-05 15:00:00,1.3813682
2025-09-05 16:00:00,1.2807523
2025-09-05 17:00:00,0.9456483
2025-09-05 18:00:00,0.40377754
2025-09-05 19:00:00,-0.19474287
2025-09-05 20:00:00,-0.66624624
2025-09-05 21:00:00,-0.90892315
2025-09-05 22:00:00,-0.7754689
2025-09-05 23:00:00,-0.21929267
2025-09-06 00:00:00,0.4317158
2025-09-06 01:00:00,1.0755743
2025-09-06 02:00:00,1.5620036
2025-09-06 03:00:00,1.821507
2025-09-06 04:00:00,1.7994258
2025-09-06 05:00:00,1.4551547
2025-09-06 06:00:00,0.85063475
2025-09-06 07:00:00,0.12556934
2025-09-06 08:00:00,-0.49350023
2025-09-06 09:00:00,-0.92230153
2025-09-06 10:00:00,-1.0607976
2025-09-06 11:00:00,-0.67969424
2025-09-06 12:00:00,0.034643635
2025-09-06 13:00:00,0.71699953
2025-09-06 14:00:00,1.2771708
2025-09-06 15:00:00,1.6085507
2025-09-06 16:00:00,1.6527165
2025-09-06 17:00:00,1.3980411
2025-09-06 18:00:00,0.8727614
2025-09-06 19:00:00,0.16372141
2025-09-06 20:00:00,-0.48622862
2025-09-06 21:00:00,-0.9528802
2025-09-06 22:00:00,-1.1391116
2025-09-06 23:00:00,-0.7708636
2025-09-07 00:00:00,0.014059978
2025-09-07 01:00:00,0.7714679
2025-09-07 02:00:00,1.4252018
2025-09-07 03:00:00,1.8903795
2025-09-07 04:00:00,2.0332203
2025-09-07 05:00:00,1.8280947
2025-09-07 06:00:00,1.2884232
2025-09-07 07:00:00,0.5238934
2025-09-07 08:00:00,-0.23306565
2025-09-07 09:00:00,-0.82065445
2025-09-07 10:00:00,-1.172876
2025-09-07 11:00:00,-1.1443515
2025-09-07 12:00:00,-0.41256568
2025-09-07 13:00:00,0.41036758
2025-09-07 14:00:00,1.1413928
2025-09-07 15:00:00,1.6732568
2025-09-07 16:00:00,1.9180934
2025-09-07 17:00:00,1.8038808
2025-09-07 18:00:00,1.3492724
2025-09-07 19:00:00,0.6605608
2025-09-07 20:00:00,-0.11366259
2025-09-07 21:00:00,-0.7289743
2025-09-07 22:00:00,-1.1268322
2025-09-07 23:00:00,-1.2194244
2025-09-08 00:00:00,-0.6206457
2025-09-08 01:00:00,0.2798096
2025-09-08 02:00:00,1.1228068
2025-09-08 03:00:00,1.773507
2025-09-08 04:00:00,2.13171
2025-09-08 05:00:00,2.1047995
2025-09-08 06:00:00,1.6771199
2025-09-08 07:00:00,0.97080857
2025-09-08 08:00:00,0.12297789
2025-09-08 09:00:00,-0.5907573
2025-09-08 10:00:00,-1.0958971
2025-09-08 11:00:00,-1.3487653
2025-09-08 12:00:00,-1.0197452
2025-09-08 13:00:00,-0.077362426
2025-09-08 14:00:00,0.7711039
2025-09-08 15:00:00,1.4727155
2025-09-08 16:00:00,1.9404926
2025-09-08 17:00:00,2.0780597
2025-09-08 18:00:00,1.7903181
2025-09-08 19:00:00,1.1653162
2025-09-08 20:00:00,0.33812356
2025-09-08 21:00:00,-0.42712593
2025-09-08 22:00:00,-0.98527473
2025-09-08 23:00:00,-1.302703
2025-09-09 00:00:00,-1.1829358
2025-09-09 01:00:00,-0.2610116
2025-09-09 02:00:00,0.6326966
2025-09-09 03:00:00,1.414058
2025-09-09 04:00:00,1.9620346
2025-09-09 05:00:00,2.1782324
2025-09-09 06:00:00,1.9793893
2025-09-09 07:00:00,1.4133708
2025-09-09 08:00:00,0.6193258
2025-09-09 09:00:00,-0.21230438
2025-09-09 10:00:00,-0.86361253
2025-09-09 11:00:00,-1.2843359
2025-09-09 12:00:00,-1.3867584
2025-09-09 13:00:00,-0.63829905
2025-09-09 14:00:00,0.32481954
2025-09-09 15:00:00,1.1505411
2025-09-09 16:00:00,1.7815202
2025-09-09 17:00:00,2.1405978
2025-09-09 18:00:00,2.1010263
2025-09-09 19:00:00,1.6470883
2025-09-09 20:00:00,0.9315368
2025-09-09 21:00:00,0.08389197
2025-09-09 22:00:00,-0.6061095
2025-09-09 23:00:00,-1.0855575
2025-09-10 00:00:00,-1.3060985
2025-09-10 01:00:00,-0.88051915
2025-09-10 02:00:00,0.0867367
2025-09-10 03:00:00,0.9366828
2025-09-10 04:00:00,1.6179175
2025-09-10 05:00:00,2.0532227
2025-09-10 06:00:00,2.1213026
2025-09-10 07:00:00,1.7555664
2025-09-10 08:00:00,1.0881561
2025-09-10 09:00:00,0.23182929
2025-09-10 10:00:00,-0.5130366
2025-09-10 11:00:00,-1.0499133
2025-09-10 12:00:00,-1.3555039
2025-09-10 13:00:00,-1.1740737
2025-09-10 14:00:00,-0.22810099
2025-09-10 15:00:00,0.64453745
2025-09-10 16:00:00,1.4123594
2025-09-10 17:00:00,1.9645933
2025-09-10 18:00:00,2.207004
2025-09-10 19:00:00,2.0086422
2025-09-10 20:00:00,1.437093
2025-09-10 21:00:00,0.66909
2025-09-10 22:00:00,-0.11072952
2025-09-10 23:00:00,-0.7216493
2025-09-11 00:00:00,-1.1044686
2025-09-11 01:00:00,-1.1468235
2025-09-11 02:00:00,-0.43720034
2025-09-11 03:00:00,0.38904065
2025-09-11 04:00:00,1.1163297
2025-09-11 05:00:00,1.6618547
2025-09-11 06:00:00,1.9546034
